video_id,true_label,P_rPPG
747.mp4,0,0.5122886009075532
id25_0004.mp4,0,0.4623551782013824
id24_0008.mp4,0,0.3891780151859403
557.mp4,0,0.3516299959562871
00102.mp4,0,0.49335392513151904
867.mp4,0,0.5264646495307117
id11_0005.mp4,0,0.4832185224099536
360.mp4,0,0.45485553657016814
00173.mp4,0,0.5179476774797245
062.mp4,0,0.6773892818696003
394.mp4,0,0.48884776349269227
566.mp4,0,0.635907853766273
id60_0008.mp4,0,0.3222199633183385
id10_0001.mp4,0,0.5360828335598486
id37_0000.mp4,0,0.6402280120509749
430.mp4,0,0.5830800170460451
ciyoudyhly.mp4,0,0.3326147086107016
168.mp4,0,0.7569719232254764
652.mp4,0,0.40886918733042077
565.mp4,0,0.477749825581105
00203.mp4,0,0.405167571146815
478.mp4,0,0.34120227102490225
id50_0001.mp4,0,0.31033628539250346
379.mp4,0,0.6854847063716499
id58_0007.mp4,0,0.4753343125150471
768.mp4,0,0.527349486299264
408.mp4,0,0.6446388889643987
435.mp4,0,0.36024305400330353
473.mp4,0,0.5014713596899021
00055.mp4,0,0.4864198867094462
080.mp4,0,0.4940620335877802
666.mp4,0,0.4753261346764642
223.mp4,0,0.5462539319113072
158.mp4,0,0.437589135800586
id48_0008.mp4,0,0.5413943628179763
882.mp4,0,0.4289722485016583
739.mp4,0,0.45080256000427144
161.mp4,0,0.6841560903896242
966.mp4,0,0.45325179775737745
id58_0004.mp4,0,0.5650621538321019
570.mp4,0,0.6339102543788412
764.mp4,0,0.736887362537141
id42_0000.mp4,0,0.47468937346014856
572.mp4,0,0.6755893670863972
id27_0007.mp4,0,0.40160882483445404
id56_0000.mp4,0,0.5725853538187509
517.mp4,0,0.34819101924402596
id42_0002.mp4,0,0.48528122777015803
269.mp4,0,0.582910013823637
dhxctgyoqj.mp4,0,0.4570855704725561
id40_0007.mp4,0,0.41540172529998726
670.mp4,0,0.5382514966066327
331.mp4,0,0.36461295147353195
517.mp4,0,0.4852734868907219
648.mp4,0,0.4328660932020118
216.mp4,0,0.49684113053370516
id34_0001.mp4,0,0.517868412026018
id24_0009.mp4,0,0.6187280736552029
739.mp4,0,0.3719536809770519
071.mp4,0,0.26837358349818813
00139.mp4,0,0.7120043719474596
480.mp4,0,0.3705926100558709
919.mp4,0,0.33155594105152786
id54_0007.mp4,0,0.3780153752888919
163.mp4,0,0.44470951140953435
485.mp4,0,0.40625772025941875
edyncaijwx.mp4,0,0.4292733747817693
id29_0007.mp4,0,0.5324374232048892
217.mp4,0,0.37082411821712435
425.mp4,0,0.6409988855777409
955.mp4,0,0.4094006546121584
370.mp4,0,0.5509328312309117
id58_0000.mp4,0,0.5761967199234374
389.mp4,0,0.3155748462153123
id27_0001.mp4,0,0.3054115796434376
167.mp4,0,0.463715422746192
081.mp4,0,0.6171106957431738
714.mp4,0,0.41271474907965744
611.mp4,0,0.6052196025312975
986.mp4,0,0.3851414972625851
823.mp4,0,0.354945609369408
907.mp4,0,0.690001366428731
578.mp4,0,0.31625048310917986
863.mp4,0,0.46862198306754993
122.mp4,0,0.2698354452325011
876.mp4,0,0.38507251475542686
718.mp4,0,0.4770199657026136
00128.mp4,0,0.5985148410415145
121.mp4,0,0.45306674904368927
id11_0009.mp4,0,0.4160208198158943
220.mp4,0,0.6865531821305461
978.mp4,0,0.380330385949835
id33_0007.mp4,0,0.4425755393370837
efwfxwwlbw.mp4,0,0.44257875665781254
id48_0007.mp4,0,0.5559636560672802
990.mp4,0,0.29443057794332683
id40_0008.mp4,0,0.31607268601021554
322.mp4,0,0.317671329570953
00115.mp4,0,0.46711292476245664
id9_0009.mp4,0,0.34699752539980866
865.mp4,0,0.3564853781245329
488.mp4,0,0.4901715952150849
id48_0005.mp4,0,0.6947982465177707
521.mp4,0,0.5323244647589989
id42_0001.mp4,0,0.2790123980857229
529.mp4,0,0.3345923114562988
276.mp4,0,0.5389441016483367
981.mp4,0,0.648562361180298
958.mp4,0,0.7415837189700621
982.mp4,0,0.5956642216611546
866.mp4,0,0.4303309998000063
993.mp4,0,0.33834150899331933
155.mp4,0,0.35876501046798026
356.mp4,0,0.3934299753647557
598.mp4,0,0.571719080300769
599.mp4,0,0.3563235380374453
853.mp4,0,0.34358030661929145
925.mp4,0,0.38386607819468704
00195.mp4,0,0.3811741062672479
006.mp4,0,0.657127871908606
396.mp4,0,0.3476365603640798
411.mp4,0,0.24254435641190886
id23_0002.mp4,0,0.5477374343139021
881.mp4,0,0.6020883331521357
00271.mp4,0,0.5145683129528952
216.mp4,0,0.3094062825406116
445.mp4,0,0.6204580359782269
589.mp4,0,0.6968713791365033
339.mp4,0,0.4588536624490985
953.mp4,0,0.40109172781878283
558.mp4,0,0.5105622899655334
570.mp4,0,0.5029082900161737
166.mp4,0,0.46229726140136357
085.mp4,0,0.32121581867794835
254.mp4,0,0.40909619446936374
149.mp4,0,0.5322388405167281
273.mp4,0,0.6750394375730693
698.mp4,0,0.6770849772344366
650.mp4,0,0.4791088259373175
604.mp4,0,0.43041855222151393
787.mp4,0,0.4811686992148519
id38_0003.mp4,0,0.440282509903419
936.mp4,0,0.3247618730990926
213.mp4,0,0.3288903716492049
id57_0009.mp4,0,0.564401482900091
735.mp4,0,0.457025956344338
555.mp4,0,0.40383822684393267
015.mp4,0,0.31696041646992434
beyebyhrph.mp4,0,0.39591668025689103
054.mp4,0,0.34774298768801015
655.mp4,0,0.5477878542635178
930.mp4,0,0.7028812118296667
556.mp4,0,0.4344892311727782
811.mp4,0,0.5053619993827337
060.mp4,0,0.5452210580254369
271.mp4,0,0.646672960242815
00012.mp4,0,0.6039528803189
010.mp4,0,0.5470618849530158
832.mp4,0,0.48243443673383196
id29_0004.mp4,0,0.608788679139385
00131.mp4,0,0.5797779091362139
id13_0009.mp4,0,0.5511105918143092
521.mp4,0,0.5037172690441771
00287.mp4,0,0.47330065280175054
656.mp4,0,0.39031264248790865
bmjzrlszhi.mp4,0,0.5680647171376484
970.mp4,0,0.6111575417958446
616.mp4,0,0.36053260316224817
830.mp4,0,0.3664508566681232
475.mp4,0,0.3746654589607389
124.mp4,0,0.41688466730430235
145.mp4,0,0.40927166920796565
468.mp4,0,0.4372929363265936
114.mp4,0,0.528958531963154
id17_0002.mp4,0,0.37540720402485384
438.mp4,0,0.39506173078808093
247.mp4,0,0.3695291416045019
id25_0005.mp4,0,0.43133607577981675
189.mp4,0,0.5796557264267848
00299.mp4,0,0.34465035388815385
id23_0001.mp4,0,0.5677644402033476
id28_0001.mp4,0,0.5291632196570554
549.mp4,0,0.541249109313823
183.mp4,0,0.3156004525436884
446.mp4,0,0.46353901126127267
264.mp4,0,0.5820917465267398
987.mp4,0,0.5704102170760462
701.mp4,0,0.6948670347554523
565.mp4,0,0.3718740863634025
ehtdtkmmli.mp4,0,0.46090119711903654
786.mp4,0,0.5665716482481097
128.mp4,0,0.5251165567118737
234.mp4,0,0.34512453312140734
568.mp4,0,0.40788018308459856
679.mp4,0,0.33403557628303815
891.mp4,0,0.4592750110247981
033.mp4,0,0.5359073027641131
035.mp4,0,0.4940007135527671
778.mp4,0,0.504603127176983
956.mp4,0,0.5900441835802697
534.mp4,0,0.48701584211875143
996.mp4,0,0.47886434062890787
id7_0009.mp4,0,0.35972757941182726
969.mp4,0,0.4170720645734225
367.mp4,0,0.4161326830999825
795.mp4,0,0.4059890448638217
id49_0007.mp4,0,0.3302426156038371
479.mp4,0,0.4958185893390376
788.mp4,0,0.38414010258578735
094.mp4,0,0.6407795118797445
00232.mp4,0,0.5676502020191484
640.mp4,0,0.462313395778208
id53_0005.mp4,0,0.3634386333910162
673.mp4,0,0.6783592504648653
274.mp4,0,0.3825846553976893
008.mp4,0,0.3289945115254054
id33_0008.mp4,0,0.41023251468587296
285.mp4,0,0.5072384013064696
373.mp4,0,0.36539855537644644
432.mp4,0,0.627911800055494
324.mp4,0,0.5456598587696847
id44_0004.mp4,0,0.46420672258907497
id51_0006.mp4,0,0.39926193123276804
827.mp4,0,0.38611494839012567
177.mp4,0,0.5081219867434024
139.mp4,0,0.4757404314926906
962.mp4,0,0.3671878537147939
bdnaqemxmr.mp4,0,0.3554539215925951
333.mp4,0,0.4759895087950312
198.mp4,0,0.45218133442211167
960.mp4,0,0.31202152042225795
id24_0002.mp4,0,0.5033636891677354
266.mp4,0,0.5848842517935392
563.mp4,0,0.6417652483263163
773.mp4,0,0.5484343305359566
009.mp4,0,0.5685791193709692
947.mp4,0,0.6452270338724703
638.mp4,0,0.31459809995480437
672.mp4,0,0.31980618622656215
760.mp4,0,0.5034440536046165
452.mp4,0,0.3272725283610341
id32_0009.mp4,0,0.3549434105349509
095.mp4,0,0.47229852660723587
467.mp4,0,0.3820235067668119
056.mp4,0,0.35716652846121877
649.mp4,0,0.3442409598810322
661.mp4,0,0.51601104912137
944.mp4,0,0.42495493163737286
469.mp4,0,0.49936688011791647
551.mp4,0,0.5413903394570071
092.mp4,0,0.4263350835191845
00276.mp4,0,0.5450120697745502
768.mp4,0,0.42421112396415966
913.mp4,0,0.29382975807274453
455.mp4,0,0.7140969344150867
864.mp4,0,0.5048665078481832
00285.mp4,0,0.6117889536942736
388.mp4,0,0.4376991646910547
781.mp4,0,0.4848287858206824
622.mp4,0,0.3630375138490399
id38_0009.mp4,0,0.49466889133306674
929.mp4,0,0.5522579840130899
233.mp4,0,0.6615179653150147
045.mp4,0,0.5942960376569136
994.mp4,0,0.5066319172617816
300.mp4,0,0.4468754904406752
540.mp4,0,0.5685408742016428
377.mp4,0,0.4983929246976858
602.mp4,0,0.44501321995688176
id7_0003.mp4,0,0.39016114460593493
257.mp4,0,0.59967286583745
971.mp4,0,0.4116708041342114
id61_0007.mp4,0,0.39332389338672724
103.mp4,0,0.5024697995515982
472.mp4,0,0.5753833172832431
id12_0006.mp4,0,0.5551889887661827
048.mp4,0,0.41080839726165896
250.mp4,0,0.6299425467726955
359.mp4,0,0.44747455591561663
342.mp4,0,0.38749739346319273
560.mp4,0,0.6412443686282927
id1_0009.mp4,0,0.37420138971680983
308.mp4,0,0.4907561778466028
959.mp4,0,0.5036052920431784
032.mp4,0,0.5814832298088372
388.mp4,0,0.4838265828408465
id43_0009.mp4,0,0.4228115446453121
945.mp4,0,0.5915514603796889
id53_0007.mp4,0,0.4615206182563282
420.mp4,0,0.6943636119361257
id0_0004.mp4,0,0.5584894971461399
049.mp4,0,0.38645076452366933
103.mp4,0,0.652214701483056
664.mp4,0,0.4729238408624629
00089.mp4,0,0.32552743739570644
228.mp4,0,0.46135471602845557
200.mp4,0,0.5465400091681817
392.mp4,0,0.6395719722825894
251.mp4,0,0.42707750355380636
241.mp4,0,0.275227126188013
id52_0001.mp4,0,0.4144794739316139
chtapglbcj.mp4,0,0.5480340226399998
id47_0006.mp4,0,0.3599987185518958
id3_0001.mp4,0,0.49712149576134423
117.mp4,0,0.5944328826192972
303.mp4,0,0.41989626437938393
101.mp4,0,0.5865832064899313
791.mp4,0,0.4602203010576082
id16_0000.mp4,0,0.35386489714329494
728.mp4,0,0.40057246538475305
id54_0008.mp4,0,0.3950303544208081
441.mp4,0,0.5252100304831279
284.mp4,0,0.4860444701938299
id29_0006.mp4,0,0.40209421586028754
id45_0007.mp4,0,0.4521806328854104
id28_0005.mp4,0,0.2947911316421685
id38_0005.mp4,0,0.31032497819724464
574.mp4,0,0.6600967678151566
892.mp4,0,0.44406096934861783
550.mp4,0,0.5032462958369801
027.mp4,0,0.6042890862146428
099.mp4,0,0.44332488155889055
id7_0005.mp4,0,0.5913046839038552
854.mp4,0,0.3625686962347906
390.mp4,0,0.5045047429528146
048.mp4,0,0.4511568589790958
591.mp4,0,0.42591619789082813
779.mp4,0,0.42374471955232124
100.mp4,0,0.36025498665368705
270.mp4,0,0.5208556217321356
id59_0004.mp4,0,0.5226278128318261
968.mp4,0,0.3479830542457141
948.mp4,0,0.469877939863589
id48_0000.mp4,0,0.48034803734954507
258.mp4,0,0.4487111261104544
887.mp4,0,0.6892435994848651
ellavthztb.mp4,0,0.4636923989523036
id36_0002.mp4,0,0.5493737239795052
00113.mp4,0,0.5877732034354213
cizlkenljw.mp4,0,0.5325855083310772
554.mp4,0,0.4876100341863999
112.mp4,0,0.3421102552813078
dxbqjxrhin.mp4,0,0.33840431431372303
459.mp4,0,0.4891223814225588
677.mp4,0,0.661441088656085
720.mp4,0,0.5520430471464336
id40_0006.mp4,0,0.40586522701739147
482.mp4,0,0.5852964752615984
159.mp4,0,0.42726034748320696
077.mp4,0,0.3708068809590706
994.mp4,0,0.4259589923115608
541.mp4,0,0.5165840201036096
564.mp4,0,0.3873059163102869
835.mp4,0,0.6450612871067152
127.mp4,0,0.35635509819829025
738.mp4,0,0.657648839717746
711.mp4,0,0.32440046667251066
030.mp4,0,0.5717440360467954
id31_0007.mp4,0,0.38849974138316523
ekcrtigpab.mp4,0,0.41903353537745275
253.mp4,0,0.43058190497199966
323.mp4,0,0.4835437847606654
id56_0003.mp4,0,0.5638487527906484
928.mp4,0,0.38909619867524153
065.mp4,0,0.44810653904231396
721.mp4,0,0.41349916141333715
644.mp4,0,0.44351183402848326
192.mp4,0,0.3254937241933849
665.mp4,0,0.5543509723357901
id52_0004.mp4,0,0.32566482402227426
046.mp4,0,0.6947023055864374
462.mp4,0,0.3280043927763695
id4_0009.mp4,0,0.41242625498412877
id53_0003.mp4,0,0.4011693544638512
546.mp4,0,0.6590661751157159
361.mp4,0,0.305972763028955
938.mp4,0,0.5310904392493995
933.mp4,0,0.5513189124541094
889.mp4,0,0.4341963256265767
793.mp4,0,0.45684776861229304
id53_0000.mp4,0,0.4785665414082328
159.mp4,0,0.3536729696429453
296.mp4,0,0.5622158235246036
id28_0004.mp4,0,0.5139052548118199
id54_0006.mp4,0,0.3186334892404866
992.mp4,0,0.41789846825613103
299.mp4,0,0.3727640991936645
543.mp4,0,0.4186708294463807
117.mp4,0,0.40560318177566584
id6_0006.mp4,0,0.44448777505148146
437.mp4,0,0.39265458850679946
687.mp4,0,0.6106948206658968
470.mp4,0,0.5760742924182386
863.mp4,0,0.4773777028358828
id25_0010.mp4,0,0.3743754407318607
522.mp4,0,0.31049366682921387
516.mp4,0,0.4144525866457016
294.mp4,0,0.564651452700994
596.mp4,0,0.4666013588689637
228.mp4,0,0.54921460718789
399.mp4,0,0.45797335862296623
781.mp4,0,0.5348887361951735
055.mp4,0,0.5809094584626031
943.mp4,0,0.34230705091818864
238.mp4,0,0.5982099602703437
999.mp4,0,0.30647747185027774
465.mp4,0,0.42717860340352104
524.mp4,0,0.40375831398492523
cyxlcuyznd.mp4,0,0.5540776356190268
348.mp4,0,0.6092209718178021
141.mp4,0,0.35865073623575816
736.mp4,0,0.5975021867285816
375.mp4,0,0.36633238205241214
464.mp4,0,0.3553226803965762
00049.mp4,0,0.4269357406410596
112.mp4,0,0.4136623042706095
id50_0004.mp4,0,0.4949602947130551
160.mp4,0,0.46717741847721994
665.mp4,0,0.49140230413516583
758.mp4,0,0.44798704452161375
217.mp4,0,0.440327534459156
id19_0004.mp4,0,0.5786885134958197
00225.mp4,0,0.40160782888193497
983.mp4,0,0.4114671445178192
00038.mp4,0,0.4184438343547023
196.mp4,0,0.4238681057073783
597.mp4,0,0.4486156805529762
553.mp4,0,0.37658963407534496
883.mp4,0,0.5560800247554182
id25_0007.mp4,0,0.4426754153142451
252.mp4,0,0.6185010398828117
706.mp4,0,0.5140949072121969
677.mp4,0,0.6141086518948334
id10_0005.mp4,0,0.40708661888269115
278.mp4,0,0.6391579437038072
cprhtltsjp.mp4,0,0.5729793143324308
448.mp4,0,0.4198594215466598
511.mp4,0,0.40491002670297505
073.mp4,0,0.4501444526069475
id22_0003.mp4,0,0.45292333006806224
246.mp4,0,0.6804422790316126
005.mp4,0,0.7133528389653336
id50_0006.mp4,0,0.5851660244367402
eggbjzxnmg.mp4,0,0.4374901322192833
924.mp4,0,0.35037477592097166
657.mp4,0,0.4630823341006604
989.mp4,0,0.5050124826130015
id58_0001.mp4,0,0.3246851756818671
913.mp4,0,0.3338207867180531
id25_0006.mp4,0,0.6120821113468202
id25_0001.mp4,0,0.3764092915502337
986.mp4,0,0.3864024399336883
169.mp4,0,0.4658713955179802
id47_0003.mp4,0,0.4257575507430314
142.mp4,0,0.6166851908627152
394.mp4,0,0.585637910506253
id21_0004.mp4,0,0.635258512102736
337.mp4,0,0.4467091892483324
963.mp4,0,0.4782819412452946
505.mp4,0,0.555947530278592
306.mp4,0,0.3324735968652189
107.mp4,0,0.5017811705732801
620.mp4,0,0.49649827274711655
225.mp4,0,0.44963048165983954
id19_0002.mp4,0,0.42163602726077887
812.mp4,0,0.5920830865134312
bilnggbxgu.mp4,0,0.500124123929721
duycddgtrl.mp4,0,0.40098215489086053
222.mp4,0,0.3613829184591157
262.mp4,0,0.5069390511530927
894.mp4,0,0.40398043106516657
746.mp4,0,0.722359049411128
947.mp4,0,0.4984580267751784
429.mp4,0,0.5267385389936583
802.mp4,0,0.36862810545450597
id41_0000.mp4,0,0.3768461162103379
748.mp4,0,0.5031569797344387
102.mp4,0,0.38166166670537
224.mp4,0,0.4366667764589975
416.mp4,0,0.4931687727565189
036.mp4,0,0.6520250445964861
704.mp4,0,0.4992187544857717
410.mp4,0,0.5563714141905558
719.mp4,0,0.5604818328310225
998.mp4,0,0.5131035233869441
332.mp4,0,0.3879989989074246
027.mp4,0,0.4968409923547806
379.mp4,0,0.5476460656558786
798.mp4,0,0.5313817156617386
685.mp4,0,0.4165225676936213
817.mp4,0,0.4751941104014889
dhcndnuwta.mp4,0,0.648362684511621
737.mp4,0,0.3254503338511607
dkuayagnmc.mp4,0,0.4081675483067652
624.mp4,0,0.5588812982353548
164.mp4,0,0.43519019838865336
281.mp4,0,0.4756062677972803
130.mp4,0,0.5362297617414592
849.mp4,0,0.5495832105940596
263.mp4,0,0.4691231841654219
545.mp4,0,0.33701821535473236
044.mp4,0,0.2867547006605876
id41_0008.mp4,0,0.44599179654993637
082.mp4,0,0.3427860073277665
642.mp4,0,0.4629725577271908
792.mp4,0,0.5201474188983581
bgvhtpzknn.mp4,0,0.39232219519023614
825.mp4,0,0.400727666709282
288.mp4,0,0.4098137648201283
387.mp4,0,0.35043387842826246
id22_0000.mp4,0,0.3515141114251553
210.mp4,0,0.3207596323893577
id30_0008.mp4,0,0.4718624409101538
044.mp4,0,0.5132708763573169
083.mp4,0,0.5673395867292781
615.mp4,0,0.30775546797800996
775.mp4,0,0.5120684120777715
777.mp4,0,0.5219658412307542
875.mp4,0,0.6075043169911679
471.mp4,0,0.5340829223463202
00256.mp4,0,0.6147963261375862
id25_0003.mp4,0,0.3122633326122805
698.mp4,0,0.6300844267408553
558.mp4,0,0.32101015951792883
884.mp4,0,0.6850801891769187
667.mp4,0,0.6342331414511392
614.mp4,0,0.48674108203973226
257.mp4,0,0.5438315498698388
id33_0001.mp4,0,0.3287043876841411
974.mp4,0,0.3212117676967617
061.mp4,0,0.4139473376241022
id4_0000.mp4,0,0.3200989877184273
id6_0009.mp4,0,0.29845551116979485
079.mp4,0,0.5836225434440465
id17_0008.mp4,0,0.4817653674704187
egghxjjmfg.mp4,0,0.39215696744910233
469.mp4,0,0.5513314980770194
794.mp4,0,0.3281709515880196
id20_0002.mp4,0,0.4169991856861822
260.mp4,0,0.42006197234681314
175.mp4,0,0.2879094819148024
965.mp4,0,0.39343055908526403
id33_0005.mp4,0,0.32206419332013503
284.mp4,0,0.48249898409905145
id51_0002.mp4,0,0.5975968180687977
088.mp4,0,0.6027379646741577
479.mp4,0,0.49995102245332457
032.mp4,0,0.5472910244254787
057.mp4,0,0.6126466756563255
cfxkpiweqt.mp4,0,0.43261089662348834
946.mp4,0,0.37806885331362683
abarnvbtwb.mp4,0,0.5898433929263711
920.mp4,0,0.6358936380783886
id33_0000.mp4,0,0.4246218030156107
071.mp4,0,0.31324518031982307
890.mp4,0,0.6757374253820333
00274.mp4,0,0.705326373609605
619.mp4,0,0.51170769307534
896.mp4,0,0.4855031397094905
520.mp4,0,0.3745111194745307
588.mp4,0,0.3151788760225566
id58_0009.mp4,0,0.5203182919818727
942.mp4,0,0.3786536971777691
00296.mp4,0,0.5185958646041886
481.mp4,0,0.4974974224053597
id1_0004.mp4,0,0.385353804092651
907.mp4,0,0.6075266260298489
00187.mp4,0,0.4927516014737752
003.mp4,0,0.6940625022632174
668.mp4,0,0.6143622668065017
828.mp4,0,0.5726871093476168
id54_0000.mp4,0,0.3523146125465378
651.mp4,0,0.3348477559478722
00246.mp4,0,0.569027489638186
671.mp4,0,0.6999613138613887
id57_0005.mp4,0,0.4142484610549151
150.mp4,0,0.40086717075092926
id7_0001.mp4,0,0.4013263643304332
693.mp4,0,0.509452536741246
147.mp4,0,0.3614455363467598
754.mp4,0,0.5716532352085404
635.mp4,0,0.4629916699488234
id48_0001.mp4,0,0.5502355630549393
00072.mp4,0,0.4861821796386521
106.mp4,0,0.3686848516995155
289.mp4,0,0.451324110368359
104.mp4,0,0.49336291087378265
882.mp4,0,0.5822095133376893
00135.mp4,0,0.643264192865998
00239.mp4,0,0.5253365301245455
ajqslcypsw.mp4,0,0.44097036032783604
081.mp4,0,0.6266595734712979
00202.mp4,0,0.4851781974192535
742.mp4,0,0.2962081193215431
089.mp4,0,0.401795902580699
470.mp4,0,0.6636618144732609
988.mp4,0,0.5824855359245646
511.mp4,0,0.7093495188054569
252.mp4,0,0.5511872651447126
066.mp4,0,0.5891229406913024
885.mp4,0,0.5004990772037492
eudeqjhdfd.mp4,0,0.34333229389361486
952.mp4,0,0.29743586421257945
848.mp4,0,0.26366378175630834
261.mp4,0,0.34871914935535914
363.mp4,0,0.513500710980548
id39_0006.mp4,0,0.4737928415532243
839.mp4,0,0.5264209351890976
623.mp4,0,0.4035590468770005
249.mp4,0,0.42008933358404266
id32_0007.mp4,0,0.5865450330045103
id60_0007.mp4,0,0.4765247468683176
093.mp4,0,0.37566648598070007
chviwxsfhg.mp4,0,0.32638919932732824
214.mp4,0,0.6077742273968977
439.mp4,0,0.4990802583843615
029.mp4,0,0.5083393319316489
616.mp4,0,0.4391465915794711
146.mp4,0,0.6692872628271508
309.mp4,0,0.452521045571382
274.mp4,0,0.5712424399112885
id13_0006.mp4,0,0.41121093370235223
642.mp4,0,0.616239514731614
153.mp4,0,0.5410187420577144
906.mp4,0,0.4875407666348798
699.mp4,0,0.4183182260159121
899.mp4,0,0.4378891196796358
id4_0001.mp4,0,0.46021895887773423
954.mp4,0,0.5148459066598324
841.mp4,0,0.5405449160912397
688.mp4,0,0.6747816087237767
180.mp4,0,0.36278765863059054
id16_0003.mp4,0,0.43422181704302826
afoovlsmtx.mp4,0,0.5840868758745277
645.mp4,0,0.5714099390828836
317.mp4,0,0.48016057766423204
397.mp4,0,0.5272127383424049
656.mp4,0,0.3193132736961687
bxzakyopjf.mp4,0,0.6041181035018798
683.mp4,0,0.3555422268381915
00017.mp4,0,0.3956831444642196
id41_0003.mp4,0,0.3957328017522432
206.mp4,0,0.40165365797105995
878.mp4,0,0.3380670617019823
00186.mp4,0,0.42569199818815673
301.mp4,0,0.5576577406255565
dlpoieqvfb.mp4,0,0.576188828278325
483.mp4,0,0.3771712938715522
011.mp4,0,0.41244864647005797
506.mp4,0,0.598993057810237
830.mp4,0,0.36376574816794205
806.mp4,0,0.3810108515980824
227.mp4,0,0.616469798870858
609.mp4,0,0.38644552501298524
id53_0004.mp4,0,0.33146595266991896
321.mp4,0,0.40125234875325694
id39_0007.mp4,0,0.41678980755830697
00070.mp4,0,0.6014641582988203
828.mp4,0,0.6099093830468253
080.mp4,0,0.3407713216956308
352.mp4,0,0.6204926493571159
990.mp4,0,0.3772486303666413
381.mp4,0,0.6135593460613267
826.mp4,0,0.5803060658980449
580.mp4,0,0.4601885529975295
id32_0006.mp4,0,0.5872062490404903
964.mp4,0,0.6140498841808693
654.mp4,0,0.6742010734197011
00067.mp4,0,0.5305652878451177
623.mp4,0,0.3635413583294139
974.mp4,0,0.382939775454326
105.mp4,0,0.42705422329696135
654.mp4,0,0.4951537490642771
903.mp4,0,0.5286827807260467
643.mp4,0,0.39592531588850777
733.mp4,0,0.47297808878174114
00084.mp4,0,0.36619883979453605
598.mp4,0,0.5122445810553281
id6_0005.mp4,0,0.5886160589834635
114.mp4,0,0.5940680120155082
692.mp4,0,0.5158551566259552
id40_0005.mp4,0,0.4051892052374425
00032.mp4,0,0.6670173198875271
109.mp4,0,0.45025848407510627
536.mp4,0,0.5094701209960439
671.mp4,0,0.4789410413387789
id9_0002.mp4,0,0.4983852609328863
eqnoqyfquo.mp4,0,0.3918423987149992
id52_0002.mp4,0,0.626471124667401
id17_0005.mp4,0,0.4536547344410914
id28_0000.mp4,0,0.40388376250705393
097.mp4,0,0.5859218885856582
762.mp4,0,0.4130088320952378
370.mp4,0,0.5070009113481335
985.mp4,0,0.29552594993161896
098.mp4,0,0.35170981160756115
908.mp4,0,0.3601715899438515
id54_0001.mp4,0,0.5232140531764006
610.mp4,0,0.5340390082665879
618.mp4,0,0.5536860426888957
00151.mp4,0,0.6368532209715329
904.mp4,0,0.5300857987068418
id23_0000.mp4,0,0.3512208345527071
00058.mp4,0,0.45218097797849277
id32_0003.mp4,0,0.6293309456746741
834.mp4,0,0.5604641744192894
id20_0004.mp4,0,0.5759067186528659
id47_0001.mp4,0,0.3420399779975998
405.mp4,0,0.6303365234137239
067.mp4,0,0.38049616864321645
id56_0004.mp4,0,0.425933893069965
013.mp4,0,0.5350876370060952
00167.mp4,0,0.3302073798085859
762.mp4,0,0.2697194820169593
741.mp4,0,0.44153293516337394
id21_0009.mp4,0,0.44627935776377753
00188.mp4,0,0.5062673182205939
004.mp4,0,0.35681744904405394
852.mp4,0,0.37701734790883157
00046.mp4,0,0.6460593044052156
00241.mp4,0,0.4493590677340486
00063.mp4,0,0.5258699174445395
id34_0005.mp4,0,0.6816846440187233
bddjdhzfze.mp4,0,0.4981977842020983
id43_0002.mp4,0,0.4601569093105978
636.mp4,0,0.42439008327687033
794.mp4,0,0.46191406472908786
178.mp4,0,0.5440882399377619
280.mp4,0,0.46417626113838434
630.mp4,0,0.38726600734246097
917.mp4,0,0.38671538958152696
897.mp4,0,0.6368320604672604
585.mp4,0,0.508437529849265
580.mp4,0,0.48957500001287624
696.mp4,0,0.37494977565399695
811.mp4,0,0.6224307549448969
716.mp4,0,0.39012096811401265
459.mp4,0,0.4449781220014541
136.mp4,0,0.5421406098184707
025.mp4,0,0.48681887246009237
erlvuvjsjf.mp4,0,0.4588651420097279
771.mp4,0,0.35792211070736624
764.mp4,0,0.4922374668435311
id12_0005.mp4,0,0.6502414586391789
292.mp4,0,0.582269178623602
786.mp4,0,0.5641498052673889
583.mp4,0,0.5340215094467688
144.mp4,0,0.543565869022974
980.mp4,0,0.6880156406882361
id39_0001.mp4,0,0.3471916715383467
id6_0001.mp4,0,0.3863236254638822
849.mp4,0,0.3203473351684601
00020.mp4,0,0.3901294570069865
816.mp4,0,0.46869664012222384
00007.mp4,0,0.4204138344070714
atkdltyyen.mp4,0,0.5818366386544618
id49_0009.mp4,0,0.4694196302607479
710.mp4,0,0.614427654538222
542.mp4,0,0.5414208108115652
992.mp4,0,0.3874352504059276
438.mp4,0,0.5895897728237333
211.mp4,0,0.5763422021716926
663.mp4,0,0.5190177687976862
046.mp4,0,0.4828444057090128
id41_0007.mp4,0,0.41341094458366334
613.mp4,0,0.424479489369746
559.mp4,0,0.3773987461138236
731.mp4,0,0.3533488853713904
id6_0007.mp4,0,0.41433956952116574
376.mp4,0,0.5355218175553141
628.mp4,0,0.38514661899251834
410.mp4,0,0.48199337591389674
355.mp4,0,0.4201685382065917
152.mp4,0,0.5493318707485937
271.mp4,0,0.6661833195262933
957.mp4,0,0.5118204927243478
272.mp4,0,0.6817430183020206
00212.mp4,0,0.38312709564554615
982.mp4,0,0.41179744026237997
00190.mp4,0,0.5464576265072385
490.mp4,0,0.4491030231340088
893.mp4,0,0.4112881588297489
id5_0004.mp4,0,0.32499487680921757
821.mp4,0,0.3251284010698472
id48_0002.mp4,0,0.46885871622066905
658.mp4,0,0.5913020501427592
134.mp4,0,0.4337520027514556
093.mp4,0,0.3990346451844771
389.mp4,0,0.5362848305937343
id43_0007.mp4,0,0.3350925515700813
id2_0003.mp4,0,0.663685216691475
537.mp4,0,0.597722847671705
087.mp4,0,0.31846262465083375
412.mp4,0,0.4150883684568223
175.mp4,0,0.3696414965723919
id50_0000.mp4,0,0.3171712172654485
id47_0009.mp4,0,0.45989037767146285
434.mp4,0,0.5232603158404551
203.mp4,0,0.612651748247739
584.mp4,0,0.3189354794353294
076.mp4,0,0.5758977580855862
229.mp4,0,0.6015348576180825
850.mp4,0,0.3426751345831226
id32_0004.mp4,0,0.5868767429286527
id38_0000.mp4,0,0.6040148627872348
576.mp4,0,0.6240848975001858
951.mp4,0,0.5770000300353723
712.mp4,0,0.3539606356843863
id6_0003.mp4,0,0.6136881244360458
00119.mp4,0,0.5129107345287537
603.mp4,0,0.6221879571270102
925.mp4,0,0.4278212317498348
931.mp4,0,0.4855338076316
633.mp4,0,0.4177814122775346
633.mp4,0,0.32401711758847873
373.mp4,0,0.40282558577618205
00158.mp4,0,0.4127620845967473
id20_0003.mp4,0,0.6112334312534189
686.mp4,0,0.4920905595050303
435_456.mp4,1,0.5008499295634502
832_762.mp4,1,0.44284991503662896
661_670.mp4,1,0.5718549758234562
324_356.mp4,1,0.5527284305041112
319_352.mp4,1,0.5845419475657578
071_054.mp4,1,0.4724644529047685
349_350.mp4,1,0.3600529862342971
039_058.mp4,1,0.6916870102548934
571_746.mp4,1,0.4542560257689947
475_265.mp4,1,0.48866831268275585
13_02__walking_down_indoor_hall_disgust__AROBAY8R.mp4,1,0.6618584147171559
id46_id40_0004.mp4,1,0.49800349299233454
088_060.mp4,1,0.4235013265810805
848_894.mp4,1,0.6342930429400007
327_329.mp4,1,0.48153441924814394
203_201.mp4,1,0.6875701212748829
257_420.mp4,1,0.7288053813051951
085_124.mp4,1,0.5387218654172613
770_791.mp4,1,0.5894189889903335
448_361.mp4,1,0.355511502832517
689_690.mp4,1,0.7054742418782316
267_286.mp4,1,0.6890558861767793
425_485.mp4,1,0.6597765690869813
087_081.mp4,1,0.6393060484654347
469_481.mp4,1,0.6055770259890164
100_077.mp4,1,0.6572062187733818
id23_id1_0004.mp4,1,0.571975217663971
786_819.mp4,1,0.5965055125325851
860_905.mp4,1,0.7156848347798174
389_480.mp4,1,0.4026517341098622
420_257.mp4,1,0.7386047504661948
680_486.mp4,1,0.6544357743871583
eajlrktemq.mp4,1,0.5612933117237251
id52_id58_0008.mp4,1,0.6407737524694035
14_26__secret_conversation__SU8SAHTT.mp4,1,0.4818008301367961
221_206.mp4,1,0.513979017345301
197_224.mp4,1,0.44458755941789874
609_596.mp4,1,0.5947879146368967
07_14__outside_talking_pan_laughing__P9QFO50U.mp4,1,0.6207436787429019
071_054.mp4,1,0.5194314326819403
524_580.mp4,1,0.5185566398221827
159_175.mp4,1,0.28975287570515745
649_816.mp4,1,0.6230016468191408
850_764.mp4,1,0.6473243394905733
id37_id29_0000.mp4,1,0.5827536859429365
735_774.mp4,1,0.42902654311160604
avibnnhwhp.mp4,1,0.32608838163157267
459_430.mp4,1,0.4856420106856114
451_449.mp4,1,0.5204456600927025
376_381.mp4,1,0.5168287254396984
630_623.mp4,1,0.7650222327293584
670_661.mp4,1,0.6445687668623313
266_252.mp4,1,0.3689849950196832
194_235.mp4,1,0.6503774066842426
473_366.mp4,1,0.5288812000746769
948_965.mp4,1,0.5196659591787927
aettqgevhz.mp4,1,0.5652851283540923
765_867.mp4,1,0.703608283797936
id53_id50_0008.mp4,1,0.3960947166887122
567_606.mp4,1,0.5586505497110059
801_855.mp4,1,0.6062571382540235
294_292.mp4,1,0.5314719292378239
188_191.mp4,1,0.3841913505983547
670_661.mp4,1,0.6271622547354199
565_589.mp4,1,0.4513926955438835
309_303.mp4,1,0.4230074602755946
338_336.mp4,1,0.6761065390530419
720_672.mp4,1,0.5950428467334433
767_694.mp4,1,0.6267498164916697
948_965.mp4,1,0.3997387886950145
988_966.mp4,1,0.6750886300223335
624_570.mp4,1,0.4315487358914138
008_990.mp4,1,0.4257867003225521
637_427.mp4,1,0.4416247348047082
897_969.mp4,1,0.6666086651173246
id17_id35_0005.mp4,1,0.4107468213173133
620_619.mp4,1,0.6452147110895701
317_359.mp4,1,0.5441795256562136
580_524.mp4,1,0.7551973718807922
595_597.mp4,1,0.6517180789278058
075_977.mp4,1,0.4851000157625975
962_929.mp4,1,0.7165351899090309
id17_id35_0003.mp4,1,0.4912776897406861
893_913.mp4,1,0.40288552381645876
747_854.mp4,1,0.42360830028433516
254_261.mp4,1,0.3589387122277175
253_183.mp4,1,0.4859187579293492
672_720.mp4,1,0.7109888131006615
412_274.mp4,1,0.5344878834117167
812_821.mp4,1,0.5054850298128258
id1_id23_0007.mp4,1,0.5986393468526189
718_972.mp4,1,0.5468108392552747
06_11__kitchen_still__C8C4FW99.mp4,1,0.4251834505770595
609_596.mp4,1,0.3365781391259407
bweezhfpzp.mp4,1,0.29772541701333344
165_137.mp4,1,0.6764255916612584
106_198.mp4,1,0.6566789078016041
129_127.mp4,1,0.39607852988326625
687_615.mp4,1,0.4359489971046215
100_077.mp4,1,0.6633930957641939
891_876.mp4,1,0.4268863561589401
144_122.mp4,1,0.40252108723990043
568_628.mp4,1,0.2619330287816304
250_461.mp4,1,0.4572528329270968
077_100.mp4,1,0.3603807381795185
540_536.mp4,1,0.6731198419903017
329_327.mp4,1,0.55615911868497
03_15__outside_talking_still_laughing__DNUJD8M2.mp4,1,0.5240943376611964
486_680.mp4,1,0.5583818561068185
219_220.mp4,1,0.395809285895942
577_593.mp4,1,0.6198881729766341
674_744.mp4,1,0.5398519074798811
483_370.mp4,1,0.3621662137331387
422_695.mp4,1,0.5395968265012578
802_885.mp4,1,0.364708755168449
448_361.mp4,1,0.5084491599677264
id38_id31_0001.mp4,1,0.6401274442862604
558_583.mp4,1,0.5606445314394461
307_365.mp4,1,0.5680131908128417
909_857.mp4,1,0.5908894599970073
09_03__kitchen_pan__8DTEGQ54.mp4,1,0.5408749619257546
312_021.mp4,1,0.5949510588931773
077_100.mp4,1,0.5450245094975108
id48_id42_0001.mp4,1,0.543159092858112
654_648.mp4,1,0.352684998445762
id31_id2_0007.mp4,1,0.4942083132184681
783_916.mp4,1,0.46605219333556763
020_344.mp4,1,0.3407612912163501
134_192.mp4,1,0.41983326036690316
484_415.mp4,1,0.5267916852669702
578_636.mp4,1,0.5051575388786504
id55_id50_0004.mp4,1,0.5148596421973692
563_537.mp4,1,0.588424754399488
12_25__walking_and_outside_surprised__FQE07ND1.mp4,1,0.27163894086309814
964_174.mp4,1,0.6481638541058864
eivxffliio.mp4,1,0.45267193980482745
id22_id26_0003.mp4,1,0.6605861294110941
321_288.mp4,1,0.3721751288493983
872_873.mp4,1,0.39480069674922946
870_001.mp4,1,0.70124946586842
196_310.mp4,1,0.5633330941091282
778_798.mp4,1,0.5847518356874458
135_880.mp4,1,0.5503122121409174
015_919.mp4,1,0.43811651138627955
418_507.mp4,1,0.7349300692543627
id20_id38_0006.mp4,1,0.35270462438118294
347_314.mp4,1,0.633202819867936
549_531.mp4,1,0.6882385598874373
945_044.mp4,1,0.5021112148046476
594_530.mp4,1,0.7110588965389526
id35_id21_0009.mp4,1,0.4648510954201613
15_18__talking_angry_couch__V5VHLCOW.mp4,1,0.6141216596568798
875_979.mp4,1,0.5310254354962469
id50_id54_0001.mp4,1,0.28891631439178195
789_753.mp4,1,0.7076733628035081
321_288.mp4,1,0.5187759695372302
370_483.mp4,1,0.6629830700092685
227_169.mp4,1,0.4683058536045356
06_15__kitchen_pan__E98QYYXO.mp4,1,0.5113117786143996
017_803.mp4,1,0.5435880353163197
244_822.mp4,1,0.5400786696847429
477_487.mp4,1,0.6654102899177969
497_403.mp4,1,0.5829836078766565
101_096.mp4,1,0.683459371307438
019_018.mp4,1,0.35960837629989517
169_227.mp4,1,0.5132747572018018
339_392.mp4,1,0.5516347179917485
123_119.mp4,1,0.6068418532278543
id54_id57_0006.mp4,1,0.35919238002840725
523_541.mp4,1,0.473552312070152
311_387.mp4,1,0.4710996728267091
796_740.mp4,1,0.47680250610398484
707_705.mp4,1,0.5615121873983742
id28_id27_0006.mp4,1,0.4810770912507749
251_375.mp4,1,0.4369408275682406
665_679.mp4,1,0.6900564425660958
496_417.mp4,1,0.5077632744320578
968_884.mp4,1,0.39864665760405443
340_341.mp4,1,0.5439328814825938
415_484.mp4,1,0.4316565049049283
651_835.mp4,1,0.690312034059451
446_667.mp4,1,0.6065830037538097
900_926.mp4,1,0.6875346294919155
819_786.mp4,1,0.6321312892321751
903_792.mp4,1,0.4731940798388413
182_242.mp4,1,0.6309249305813595
437_360.mp4,1,0.5594969080323602
788_710.mp4,1,0.45862923579754017
255_214.mp4,1,0.5403718263746528
278_306.mp4,1,0.6138905251568342
25_27__outside_talking_pan_laughing__GNIMW95Z.mp4,1,0.4198570232529973
644_657.mp4,1,0.49676154892137026
01_27__walking_outside_cafe_disgusted__ZYCZ30C0.mp4,1,0.5422049377154329
598_178.mp4,1,0.6300977142114249
712_716.mp4,1,0.321847070888667
id3_id6_0008.mp4,1,0.4475830454200701
036_035.mp4,1,0.5800257949351741
009_027.mp4,1,0.5834857800478485
677_671.mp4,1,0.6176216281608174
118_120.mp4,1,0.4904308128229647
459_430.mp4,1,0.5071436165724656
917_924.mp4,1,0.5549587409130357
849_771.mp4,1,0.4888664798042086
226_491.mp4,1,0.5862300986521395
391_406.mp4,1,0.29824879141849353
611_760.mp4,1,0.49973306194201045
958_956.mp4,1,0.5774734106661776
791_770.mp4,1,0.474900176668405
960_999.mp4,1,0.4497768784397707
424_408.mp4,1,0.40495217110162207
944_032.mp4,1,0.6606471660987061
667_446.mp4,1,0.6278699933281704
782_787.mp4,1,0.29497479962597045
377_333.mp4,1,0.5883235873772893
id31_id6_0008.mp4,1,0.48339013078505233
236_237.mp4,1,0.3598730692835162
121_093.mp4,1,0.5570317665270543
588_556.mp4,1,0.6273045578651537
id4_id2_0002.mp4,1,0.34745681169541404
id37_id38_0009.mp4,1,0.518072111669709
134_192.mp4,1,0.5504733310217849
158_379.mp4,1,0.3734961681489155
id47_id40_0003.mp4,1,0.2848213519258465
11_21__podium_speech_happy__T7DK03O1.mp4,1,0.5147956810608127
488_399.mp4,1,0.5557705854503192
002_006.mp4,1,0.717655554735993
12_15__kitchen_still__RK17XFJ9.mp4,1,0.4655655494659073
876_891.mp4,1,0.28638647412079876
274_412.mp4,1,0.4139713758372432
109_107.mp4,1,0.4173119098342917
id16_id17_0006.mp4,1,0.4699767500531984
501_326.mp4,1,0.4152689646960871
ebebgmtlcu.mp4,1,0.5267037072109562
19_24__outside_talking_still_laughing__DL7X7M6I.mp4,1,0.5827014377025658
155_576.mp4,1,0.5353785352111747
997_040.mp4,1,0.6974447454217471
255_214.mp4,1,0.5244263236659817
219_220.mp4,1,0.6238490391167254
475_265.mp4,1,0.6420811090170944
943_942.mp4,1,0.4495356965018017
id34_id30_0000.mp4,1,0.6733631153534649
379_158.mp4,1,0.6379306281266702
517_521.mp4,1,0.5968635388493329
28_08__exit_phone_room__KXO8S7OP.mp4,1,0.5391967986317389
id37_id28_0003.mp4,1,0.4868408811406284
925_933.mp4,1,0.36713600929704643
027_009.mp4,1,0.6044500934534365
id19_id20_0000.mp4,1,0.5146272547599396
608_675.mp4,1,0.41889114115421267
000_003.mp4,1,0.4102178259895648
167_166.mp4,1,0.538102623129925
cthdnahrkh.mp4,1,0.49025176046446123
683_607.mp4,1,0.3641056932278032
id54_id52_0000.mp4,1,0.4333555727395841
id20_id16_0008.mp4,1,0.425723504102952
062_066.mp4,1,0.5986432268448045
213_083.mp4,1,0.3702555362731733
841_639.mp4,1,0.5275090586962813
394_373.mp4,1,0.5610208847764008
13_07__secret_conversation__RVQCPCJF.mp4,1,0.3736451969843615
439_441.mp4,1,0.3509982719776525
959_957.mp4,1,0.5609554544810827
285_136.mp4,1,0.4330065785956683
aevrfsexku.mp4,1,0.43800630572619037
465_482.mp4,1,0.4625107268605075
254_261.mp4,1,0.41519097908590946
103_082.mp4,1,0.4613327700982206
691_732.mp4,1,0.6224750838727269
781_806.mp4,1,0.4800134348088153
15_12__talking_angry_couch__N0SRODQD.mp4,1,0.45776948925193495
626_562.mp4,1,0.5455701051766857
arlmiizoob.mp4,1,0.35741760857401556
029_048.mp4,1,0.5134568009775475
217_117.mp4,1,0.42595282427020076
835_651.mp4,1,0.4994522900666515
636_578.mp4,1,0.46903751230705526
561_998.mp4,1,0.6129777612032813
864_839.mp4,1,0.6832135663790947
882_952.mp4,1,0.4313238496419508
793_768.mp4,1,0.4756044454246742
284_263.mp4,1,0.6091504323624384
id9_id4_0002.mp4,1,0.47549379691995197
233_995.mp4,1,0.6943218561616388
12_06__outside_talking_pan_laughing__0VR4Y891.mp4,1,0.597056301113187
087_081.mp4,1,0.44428891748329147
861_858.mp4,1,0.6313296075476094
id45_id39_0006.mp4,1,0.5511487853387137
229_247.mp4,1,0.4075142790579968
058_039.mp4,1,0.6658237779143585
749_659.mp4,1,0.5973633287221533
218_239.mp4,1,0.5057766869867988
682_669.mp4,1,0.4343179138613884
876_891.mp4,1,0.4285375548412293
257_420.mp4,1,0.7455963770654965
id28_id26_0000.mp4,1,0.45832369116354715
389_480.mp4,1,0.4817575103630121
id20_id32_0001.mp4,1,0.4559887872476164
938_987.mp4,1,0.5819316942727161
435_456.mp4,1,0.5335059734871698
id35_id16_0008.mp4,1,0.5021197939811047
28_08__podium_speech_happy__KXO8S7OP.mp4,1,0.6497426371080476
911_910.mp4,1,0.492095601259613
021_312.mp4,1,0.6998262929627564
108_052.mp4,1,0.6296219771066617
bjkmjilrxp.mp4,1,0.40661192006674335
731_741.mp4,1,0.609624647085658
122_144.mp4,1,0.5962491131039745
518_131.mp4,1,0.5656088185865952
245_157.mp4,1,0.5386892663980648
273_807.mp4,1,0.5654758837670265
584_823.mp4,1,0.6718168733481142
id30_id33_0009.mp4,1,0.3507188668894588
355_748.mp4,1,0.40305663354952037
276_185.mp4,1,0.5850020173846903
373_394.mp4,1,0.6435483592712679
883_013.mp4,1,0.6483272791765687
255_214.mp4,1,0.46525711354473753
id20_id21_0009.mp4,1,0.44534384802220045
260_331.mp4,1,0.4490102330770225
286_267.mp4,1,0.3639202386084712
215_208.mp4,1,0.543348733839739
id3_id28_0004.mp4,1,0.49500927351452895
278_306.mp4,1,0.5761368944183988
abqwwspghj.mp4,1,0.5510426484160188
377_333.mp4,1,0.3339591633623558
id28_id32_0005.mp4,1,0.3454966821866724
366_473.mp4,1,0.6074835451023038
805_011.mp4,1,0.7056370064050331
id40_id39_0001.mp4,1,0.4240822982074536
11_21__kitchen_pan__T7DK03O1.mp4,1,0.39027703666603697
105_180.mp4,1,0.5457392733475297
074_825.mp4,1,0.45251265760043263
492_325.mp4,1,0.4873287112232261
566_617.mp4,1,0.6122662422289783
520_542.mp4,1,0.5773660570767353
394_373.mp4,1,0.48728952239192347
02_18__outside_talking_pan_laughing__OXMEEFUQ.mp4,1,0.5723089165750822
14_26__outside_talking_still_laughing__ILLP29ZH.mp4,1,0.6554530500946792
480_389.mp4,1,0.4422155223793922
642_635.mp4,1,0.3600575083487435
128_896.mp4,1,0.5232129342525448
766_761.mp4,1,0.4861609743135576
620_619.mp4,1,0.4684236712650066
695_422.mp4,1,0.4237738740086202
id5_id59_0000.mp4,1,0.5395224640449974
734_699.mp4,1,0.32079103017136845
667_446.mp4,1,0.6121903263021743
id6_id21_0004.mp4,1,0.48789867755595634
154_386.mp4,1,0.46560051234417293
323_302.mp4,1,0.6337931151934186
21_14__exit_phone_room__IRKML4J0.mp4,1,0.6675444120727267
817_827.mp4,1,0.42355300920823263
490_534.mp4,1,0.40616439355684775
23_19__hugging_happy__H4SUVFTL.mp4,1,0.39689023724410477
873_872.mp4,1,0.6997088619674595
559_543.mp4,1,0.33560008945220576
id56_id58_0009.mp4,1,0.5484695405348606
175_159.mp4,1,0.32627911993378617
951_947.mp4,1,0.5681388427417161
289_228.mp4,1,0.39407611869385173
124_085.mp4,1,0.3588686523446194
543_559.mp4,1,0.44360985027971456
579_701.mp4,1,0.39874157354620576
id21_id37_0008.mp4,1,0.49751199164174564
995_233.mp4,1,0.3729171970347079
987_938.mp4,1,0.48289590037121544
653_601.mp4,1,0.47922271319156384
178_598.mp4,1,0.6437735356702262
677_671.mp4,1,0.542338867184118
947_951.mp4,1,0.5462150085688268
158_379.mp4,1,0.426413439999807
478_506.mp4,1,0.47981908974005294
555_516.mp4,1,0.33662815333200946
id6_id16_0003.mp4,1,0.43470703472086303
889_045.mp4,1,0.6385240713203365
14_20__walking_down_street_outside_angry__3HWOJRAM.mp4,1,0.7552744718313238
589_565.mp4,1,0.3889586788030225
dgmevclvzy.mp4,1,0.44148039642015663
938_987.mp4,1,0.42268598325656265
121_093.mp4,1,0.4666940619465057
083_213.mp4,1,0.5642609947758627
22_23__walking_and_outside_surprised__NUTQ0HJ5.mp4,1,0.5249967878066928
303_309.mp4,1,0.45655647363530405
669_682.mp4,1,0.5804085406253694
280_249.mp4,1,0.44781431011678974
899_914.mp4,1,0.5225238457702028
882_952.mp4,1,0.5802834455635092
130_139.mp4,1,0.46830183229012257
251_375.mp4,1,0.5184679785996845
611_760.mp4,1,0.5499667351960374
14_20__kitchen_pan__R7SPX6OK.mp4,1,0.5666278964691165
338_336.mp4,1,0.6331965821033416
24_23__podium_speech_happy__YR5OVD4S.mp4,1,0.5202421875786439
id56_id49_0008.mp4,1,0.42332996557862984
304_300.mp4,1,0.3357923704920416
122_144.mp4,1,0.43045509289051404
cxrfacemmq.mp4,1,0.6862499560039673
03_01__podium_speech_happy__JZUXXFRB.mp4,1,0.4444272362277013
769_784.mp4,1,0.5946771074053284
435_456.mp4,1,0.40979637248915585
534_490.mp4,1,0.5588279844223798
732_691.mp4,1,0.43619317262819396
796_740.mp4,1,0.5468021230201878
576_155.mp4,1,0.5144999705103989
399_488.mp4,1,0.652318364277491
169_227.mp4,1,0.42768954671336223
149_152.mp4,1,0.7190615135633093
id53_id58_0009.mp4,1,0.37757408316689534
677_671.mp4,1,0.5904992588465671
262_301.mp4,1,0.5579801454211477
342_416.mp4,1,0.5014255568660378
id43_id45_0003.mp4,1,0.33061400836798044
924_917.mp4,1,0.5292519458633097
951_947.mp4,1,0.6109157926748238
896_128.mp4,1,0.5363531760157163
886_877.mp4,1,0.627298297301766
555_516.mp4,1,0.32302788062038373
693_698.mp4,1,0.6116445386037391
589_565.mp4,1,0.6342295412788214
802_885.mp4,1,0.5553626959523397
598_178.mp4,1,0.6672527248171624
490_534.mp4,1,0.2899953405271449
871_814.mp4,1,0.43826335848555825
051_332.mp4,1,0.5292970739163665
229_247.mp4,1,0.49558828066064836
603_575.mp4,1,0.5750097217363229
019_018.mp4,1,0.5629548459325523
186_170.mp4,1,0.7058965793099595
688_645.mp4,1,0.49750126266336137
498_433.mp4,1,0.7373788119202178
074_825.mp4,1,0.4631149070675443
866_878.mp4,1,0.6167553529657221
974_953.mp4,1,0.3378960660536276
324_356.mp4,1,0.42762327944946726
466_428.mp4,1,0.5478902806226593
066_062.mp4,1,0.6773207874678974
id31_id33_0005.mp4,1,0.5896157202291977
465_482.mp4,1,0.614764121748588
397_602.mp4,1,0.49810324867165673
23_24__kitchen_still__YR5OVD4S.mp4,1,0.5319248249604904
12_07__walking_down_indoor_hall_disgust__KAG65PEE.mp4,1,0.5767322453505165
261_254.mp4,1,0.5024486890825645
502_504.mp4,1,0.43742264630998984
410_411.mp4,1,0.5784664583514499
07_03__hugging_happy__7NGMD8FT.mp4,1,0.38913159882360077
511_472.mp4,1,0.6503471718413701
361_448.mp4,1,0.5274647531611486
id6_id26_0001.mp4,1,0.5190828096256691
752_751.mp4,1,0.37762472693223603
472_511.mp4,1,0.6912380682115248
110_043.mp4,1,0.3723711449604545
725_724.mp4,1,0.682815659507934
811_920.mp4,1,0.6652466890006996
985_981.mp4,1,0.681378285227601
bdxuhamuqx.mp4,1,0.5600493914271816
961_069.mp4,1,0.47360803092901355
966_988.mp4,1,0.6967072173977845
bahdpoesir.mp4,1,0.41315520530081395
489_022.mp4,1,0.669236300564588
482_465.mp4,1,0.5724835887093064
055_147.mp4,1,0.41457999242441407
306_278.mp4,1,0.628644188153802
id1_id30_0009.mp4,1,0.5728821401045626
26_12__podium_speech_happy__BFBNM8FR.mp4,1,0.6167515046833174
196_310.mp4,1,0.35190773676401904
488_399.mp4,1,0.6848295282974206
061_080.mp4,1,0.6887685950205464
461_250.mp4,1,0.5296510851583238
id37_id6_0000.mp4,1,0.549559604502504
823_584.mp4,1,0.6557552718873618
640_638.mp4,1,0.37642721339089147
334_318.mp4,1,0.40319590305414504
370_483.mp4,1,0.5848408301878698
801_855.mp4,1,0.593288269912039
165_137.mp4,1,0.6932692991167028
671_677.mp4,1,0.6208079618386094
360_437.mp4,1,0.6613734907020298
250_461.mp4,1,0.44760667490277917
151_225.mp4,1,0.43759615115305867
438_434.mp4,1,0.49168960976500037
216_164.mp4,1,0.6524926159378933
377_333.mp4,1,0.5238719869844127
455_471.mp4,1,0.5357208528195279
095_053.mp4,1,0.43783848114947616
484_415.mp4,1,0.4878083284867748
079_076.mp4,1,0.5868168924563415
663_231.mp4,1,0.5510103246217372
20_06__podium_speech_happy__6SUW7063.mp4,1,0.6490181089004955
992_980.mp4,1,0.5147934016712694
id26_id32_0003.mp4,1,0.5008606876430794
926_900.mp4,1,0.5458704424957341
095_053.mp4,1,0.6607925905074472
065_089.mp4,1,0.4556558261779982
452_550.mp4,1,0.46637903677245296
379_158.mp4,1,0.5609413882892333
07_03__outside_talking_still_laughing__IFSURI9X.mp4,1,0.5707616826618072
26_27__outside_talking_still_laughing__IE9N0ZI9.mp4,1,0.5500141950849312
551_631.mp4,1,0.3482070218462113
396_272.mp4,1,0.6690918021953169
id9_id3_0001.mp4,1,0.5670413996437992
583_558.mp4,1,0.5716979510284291
406_391.mp4,1,0.4794664182389416
id2_id35_0002.mp4,1,0.5562457239879544
id37_id30_0005.mp4,1,0.55519777130026
815_730.mp4,1,0.613633588899733
003_000.mp4,1,0.6172532467525643
389_480.mp4,1,0.4393429304795215
437_360.mp4,1,0.5055417213816995
128_896.mp4,1,0.6573634218314085
249_280.mp4,1,0.6879840042704433
558_583.mp4,1,0.4175893975638774
315_322.mp4,1,0.5257165813411578
682_669.mp4,1,0.4068092138553788
288_321.mp4,1,0.4876114334221976
13_11__outside_talking_still_laughing__61T622EK.mp4,1,0.4117760097329772
746_571.mp4,1,0.63190266049867
id23_id17_0000.mp4,1,0.3213593914101224
698_693.mp4,1,0.6273479886158126
id39_id46_0007.mp4,1,0.3411610195685416
883_013.mp4,1,0.6615634976765064
cqrskwiqng.mp4,1,0.4344563718593282
543_559.mp4,1,0.4781717541924562
136_285.mp4,1,0.4168973265174277
635_642.mp4,1,0.48230993611615347
id16_id23_0013.mp4,1,0.47579299081318727
781_806.mp4,1,0.5757446452615222
id21_id2_0000.mp4,1,0.5919200546092163
852_834.mp4,1,0.583896274433983
786_819.mp4,1,0.7401304122873972
06_27__talking_angry_couch__JOG5PB18.mp4,1,0.6289539886609612
id39_id45_0003.mp4,1,0.3011619884798055
217_117.mp4,1,0.43186643281217074
082_103.mp4,1,0.6058204407313215
id29_id20_0007.mp4,1,0.3172948465144467
471_455.mp4,1,0.5186873146288019
616_614.mp4,1,0.4695857152377662
436_526.mp4,1,0.5188804896150563
135_880.mp4,1,0.6327163980996793
id22_id25_0003.mp4,1,0.3846157288758607
032_944.mp4,1,0.5911981339293076
922_898.mp4,1,0.5046076358123407
107_109.mp4,1,0.3677103781856042
980_992.mp4,1,0.6507041027456281
665_679.mp4,1,0.4516590140018177
id54_id49_0001.mp4,1,0.31152545941068915
07_21__secret_conversation__CRGVSDBI.mp4,1,0.37887098561560867
224_197.mp4,1,0.5608533728548691
728_673.mp4,1,0.5266228041321186
270_297.mp4,1,0.5364399689309566
id44_id46_0004.mp4,1,0.2765033266388621
895_915.mp4,1,0.6450171318932743
id30_id17_0001.mp4,1,0.5393855479812258
id35_id30_0009.mp4,1,0.43224812213339303
388_308.mp4,1,0.6108391582698848
id50_id51_0003.mp4,1,0.4810145948758245
913_893.mp4,1,0.3757716051284079
id27_id21_0004.mp4,1,0.34725984544108757
222_168.mp4,1,0.6179349079088533
20_25__outside_talking_still_laughing__DW2L6D2V.mp4,1,0.6449081876213861
156_243.mp4,1,0.34598778485553394
972_718.mp4,1,0.5742093500109117
109_107.mp4,1,0.5677663529308346
14_03__outside_talking_still_laughing__KJ221YN0.mp4,1,0.6311914969374817
291_874.mp4,1,0.4010954663856642
225_151.mp4,1,0.27969131990106516
634_660.mp4,1,0.5955395991213034
516_555.mp4,1,0.5749215750218664
778_798.mp4,1,0.6776840022668975
265_475.mp4,1,0.47594402330389945
431_447.mp4,1,0.4067541511562663
983_113.mp4,1,0.5765902948020342
225_151.mp4,1,0.3030288163492973
965_948.mp4,1,0.6921803426256178
392_339.mp4,1,0.522682771651135
id27_id25_0006.mp4,1,0.46768203557101895
416_342.mp4,1,0.6809752377026864
961_069.mp4,1,0.4547180108439442
130_139.mp4,1,0.45948735734973606
065_089.mp4,1,0.6322442033548893
570_624.mp4,1,0.7494986651135337
693_698.mp4,1,0.551940089654007
160_928.mp4,1,0.5033521847846592
010_005.mp4,1,0.6759048321607058
610_692.mp4,1,0.4821512986916564
323_302.mp4,1,0.5839004718408589
07_02__hugging_happy__O4SXNLRL.mp4,1,0.2844235821780246
569_921.mp4,1,0.44562435891528196
630_623.mp4,1,0.5993161810786106
518_131.mp4,1,0.580593544348136
06_04__walking_outside_cafe_disgusted__ZK95PQDE.mp4,1,0.6509153456316776
azpuxunqyo.mp4,1,0.43242787487462625
669_682.mp4,1,0.5740473247409957
486_680.mp4,1,0.6014082408739658
443_514.mp4,1,0.44880578220237677
624_570.mp4,1,0.7168386528060948
169_227.mp4,1,0.5219848911981491
433_498.mp4,1,0.4606081128445595
343_363.mp4,1,0.5120180371962518
533_450.mp4,1,0.5655982804132295
283_313.mp4,1,0.5277833756598191
243_156.mp4,1,0.5585178222618962
529_633.mp4,1,0.50708440752993
788_710.mp4,1,0.4686055238170441
768_793.mp4,1,0.5954642965117718
id30_id34_0004.mp4,1,0.4833745579437955
921_569.mp4,1,0.2924454831780308
242_182.mp4,1,0.5179775513141216
779_794.mp4,1,0.6367827331405569
id39_id45_0002.mp4,1,0.31282367145397205
519_515.mp4,1,0.4169291058608761
710_788.mp4,1,0.4311068617147275
080_061.mp4,1,0.4596337731295478
095_053.mp4,1,0.5673557776060014
708_772.mp4,1,0.558416766259122
094_111.mp4,1,0.6834280531793804
id0_id1_0006.mp4,1,0.6902720814833531
id22_id19_0009.mp4,1,0.5570477046897869
077_100.mp4,1,0.41566708179635437
301_262.mp4,1,0.6673016826248066
574_547.mp4,1,0.5220900826941438
178_598.mp4,1,0.5878945018284248
id35_id20_0000.mp4,1,0.6158967797438072
640_638.mp4,1,0.3037398655973362
02_06__talking_angry_couch__GH8TGTBS.mp4,1,0.5829565544538934
902_901.mp4,1,0.495594311548123
235_194.mp4,1,0.6762355482572094
564_971.mp4,1,0.7089406257133951
id42_id48_0001.mp4,1,0.32273064252957123
681_711.mp4,1,0.4358648476444589
id26_id30_0000.mp4,1,0.5176987653609156
345_259.mp4,1,0.6878075815101632
999_960.mp4,1,0.37548832629856016
083_213.mp4,1,0.6538746670445402
543_559.mp4,1,0.6465040401880355
204_230.mp4,1,0.4668963910594218
476_400.mp4,1,0.45574256664401025
553_545.mp4,1,0.4832003046117897
503_756.mp4,1,0.5992317628824504
851_552.mp4,1,0.41335074854997084
id3_id28_0003.mp4,1,0.4931438407123362
id29_id37_0006.mp4,1,0.5523100958324219
052_108.mp4,1,0.6847555257512798
537_563.mp4,1,0.5729252331200877
098_092.mp4,1,0.40640016225479764
988_966.mp4,1,0.32294533021445654
868_949.mp4,1,0.5793260962927425
882_952.mp4,1,0.5808290605240151
563_537.mp4,1,0.6211932373415782
085_124.mp4,1,0.6881266161007015
746_571.mp4,1,0.4412534748970926
318_334.mp4,1,0.6785131506299126
685_613.mp4,1,0.5843094078992042
12_20__talking_against_wall__GHPWDH3C.mp4,1,0.5613648804710016
804_738.mp4,1,0.5881522638564709
02_27__walking_down_indoor_hall_disgust__YQX5Z8GN.mp4,1,0.5861294786060255
206_221.mp4,1,0.683208934518767
458_722.mp4,1,0.4440850092469386
203_201.mp4,1,0.6049138830536627
082_103.mp4,1,0.6771891388475345
avssvvsdhz.mp4,1,0.501715425469784
168_222.mp4,1,0.5207448882196734
773_652.mp4,1,0.6584347799167866
201_203.mp4,1,0.5879567425548243
025_067.mp4,1,0.4708949634840707
440_364.mp4,1,0.641587999188449
152_149.mp4,1,0.577852396130146
866_878.mp4,1,0.6104816081860439
371_367.mp4,1,0.6278100963672644
606_567.mp4,1,0.5417659503855334
359_317.mp4,1,0.7025842030861276
988_966.mp4,1,0.5739146968601545
845_846.mp4,1,0.43351600612358393
071_054.mp4,1,0.6772015572782761
946_049.mp4,1,0.5968852666631014
610_692.mp4,1,0.6829455440038001
381_376.mp4,1,0.5220026293490819
id20_id22_0001.mp4,1,0.4376951369245636
id58_id54_0002.mp4,1,0.4096404927884876
282_238.mp4,1,0.48450519569687295
668_664.mp4,1,0.5617570035143448
028_068.mp4,1,0.6040489209614439
id35_id4_0000.mp4,1,0.5143155211198776
903_792.mp4,1,0.3101215503403029
931_936.mp4,1,0.5727965290868459
707_705.mp4,1,0.5917983549966848
id38_id23_0000.mp4,1,0.5883960385820254
928_160.mp4,1,0.4814222441582549
798_778.mp4,1,0.34497664400393163
244_822.mp4,1,0.5833998043856894
343_363.mp4,1,0.6941557627609289
209_016.mp4,1,0.6458178050589896
550_452.mp4,1,0.3927040994511503
348_202.mp4,1,0.6546719404598914
614_616.mp4,1,0.6666868364972729
id40_id41_0002.mp4,1,0.4388027272513165
713_726.mp4,1,0.5669654724298556
353_383.mp4,1,0.42342441428663
444_655.mp4,1,0.4988471774915158
01_27__hugging_happy__ZYCZ30C0.mp4,1,0.2757560213041208
838_810.mp4,1,0.4425175578531372
id2_id28_0007.mp4,1,0.5315181575898204
208_215.mp4,1,0.5819994446353657
303_309.mp4,1,0.4211528778301797
228_289.mp4,1,0.5858144145599303
260_331.mp4,1,0.5627051994074781
779_794.mp4,1,0.34608105089817137
545_553.mp4,1,0.3833893048263193
687_615.mp4,1,0.3770429455435179
625_650.mp4,1,0.4366485351468067
id34_id30_0006.mp4,1,0.6027842413239942
137_165.mp4,1,0.6138216875947524
308_388.mp4,1,0.4037700202623265
id37_id38_0008.mp4,1,0.4817567824192798
585_599.mp4,1,0.6161568574020451
859_843.mp4,1,0.41641263969711245
529_633.mp4,1,0.644296396162541
923_023.mp4,1,0.6311257358604493
904_046.mp4,1,0.6570920881390979
152_149.mp4,1,0.6747055327201721
853_863.mp4,1,0.4837310930629038
249_280.mp4,1,0.3613045084827243
02_09__walking_down_street_outside_angry__6KUOFMZW.mp4,1,0.6018649774845615
722_458.mp4,1,0.4446602014276656
526_436.mp4,1,0.5373690838330739
737_719.mp4,1,0.6434446946808605
760_611.mp4,1,0.5637962386685006
id58_id51_0002.mp4,1,0.5109286827991878
id6_id2_0005.mp4,1,0.7125185801902736
205_184.mp4,1,0.5675991772548371
716_712.mp4,1,0.5372529494884125
784_769.mp4,1,0.5640558516413572
308_388.mp4,1,0.45924126577532803
358_380.mp4,1,0.5122328069919373
582_172.mp4,1,0.3713906911479088
816_649.mp4,1,0.5125597898902563
980_992.mp4,1,0.4776662922229813
009_027.mp4,1,0.5860100675895229
569_921.mp4,1,0.44137478963988996
661_670.mp4,1,0.5948920022869749
id49_id56_0002.mp4,1,0.533462987060337
118_120.mp4,1,0.7181300563364365
741_731.mp4,1,0.4991904368428537
258_246.mp4,1,0.45672461377889767
468_470.mp4,1,0.46347771654720116
392_339.mp4,1,0.7210960170727682
438_434.mp4,1,0.42808380023322196
545_553.mp4,1,0.48189120042890915
576_155.mp4,1,0.6444766978701851
15_21__kitchen_pan__87WSBJP3.mp4,1,0.4052848045995238
164_216.mp4,1,0.6626669195617803
124_085.mp4,1,0.45509542737127584
056_996.mp4,1,0.40220913508994793
369_316.mp4,1,0.651161750342903
546_621.mp4,1,0.5835184366004524
584_823.mp4,1,0.656208078244406
21_07__exit_phone_room__MKU99DVX.mp4,1,0.7297378669533052
420_257.mp4,1,0.7185560649475407
532_544.mp4,1,0.45029006322407805
109_107.mp4,1,0.3659919031255537
181_199.mp4,1,0.46024045976572586
271_264.mp4,1,0.6653440616928479
809_799.mp4,1,0.7184616116630745
id26_id3_0006.mp4,1,0.5003558855681565
408_424.mp4,1,0.6656450780588122
063_041.mp4,1,0.5399588003770056
598_178.mp4,1,0.43537375575738174
114_102.mp4,1,0.6487216037144093
id19_id22_0009.mp4,1,0.42709310040888226
980_992.mp4,1,0.6369742576777845
645_688.mp4,1,0.5392553224459484
970_973.mp4,1,0.6810370621010355
id46_id42_0002.mp4,1,0.30399557446833536
919_015.mp4,1,0.550874865318564
292_294.mp4,1,0.5400307787148801
id46_id43_0007.mp4,1,0.5974648099369474
636_578.mp4,1,0.43778767056182255
481_469.mp4,1,0.5531825551052184
460_678.mp4,1,0.45899602097615005
478_506.mp4,1,0.6208084207776662
426_287.mp4,1,0.5190348358630869
803_017.mp4,1,0.5773491199557043
13_02__kitchen_pan__CP5HFV3K.mp4,1,0.4123161757697653
12_06__outside_talking_still_laughing__3K21NFNM.mp4,1,0.5159662562945934
222_168.mp4,1,0.41140603798511904
06_27__outside_talking_still_laughing__SZWVBWY4.mp4,1,0.4455136328453757
752_751.mp4,1,0.5236272349122472
885_802.mp4,1,0.4157495013205459
24_19__kitchen_pan__QD5K7BP2.mp4,1,0.6670355030511873
id26_id4_0004.mp4,1,0.4104684494885477
127_129.mp4,1,0.3481796676567326
500_592.mp4,1,0.4774275637546457
619_620.mp4,1,0.6127474437746926
583_558.mp4,1,0.570301579904862
150_153.mp4,1,0.6754922245378828
id2_id23_0006.mp4,1,0.47680690091399525
28_08__outside_talking_pan_laughing__GGCUYQA4.mp4,1,0.6191646668716505
635_642.mp4,1,0.512254050933662
158_379.mp4,1,0.3908833430805794
996_056.mp4,1,0.4080604424683907
277_335.mp4,1,0.5082196980270618
962_929.mp4,1,0.6240537394710229
764_850.mp4,1,0.5242472215543317
183_253.mp4,1,0.4057944446010606
id33_id38_0004.mp4,1,0.38735968787273417
03_13__exit_phone_room__GBYWJW06.mp4,1,0.6910356940308071
730_815.mp4,1,0.6194100786260308
362_354.mp4,1,0.5332111754826346
906_847.mp4,1,0.657095116741574
190_176.mp4,1,0.6072104514443324
707_705.mp4,1,0.4196293581936557
411_410.mp4,1,0.37489282889036735
id6_id3_0003.mp4,1,0.5704829079477884
